{
  "project_info": {
    "project_number": "604121660815",
    "project_id": "srmstudent66",
    "storage_bucket": "srmstudent66.appspot.com"
  },
  "client": [
    {
      "client_info": {
        "mobilesdk_app_id": "1:604121660815:android:83bca716f2547c50c65ffa",
        "android_client_info": {
          "package_name": "com.example.srm"
        }
      },
      "oauth_client": [
        {
          "client_id": "604121660815-1lpoa2vigq616j8bd7g0ndf7uetkf1e4.apps.googleusercontent.com",
          "client_type": 3
        }
      ],
      "api_key": [
        {
          "current_key": "AIzaSyCRPpaFuzya0CkpvrND7gh0SdPujB1xumA"
        }
      ],
      "services": {
        "appinvite_service": {
          "other_platform_oauth_client": [
            {
              "client_id": "604121660815-1lpoa2vigq616j8bd7g0ndf7uetkf1e4.apps.googleusercontent.com",
              "client_type": 3
            }
          ]
        }
      }
    }
  ],
  "configuration_version": "1"
}